ip_address,country
141.48.134.32,DE
75.5.5.45,US
87.137.224.0,DE
190.235.91.244,PE
167.55.169.81,CA
83.52.162.0,ES
71.32.228.79,US
154.61.78.228,US
70.219.188.102,US
66.241.90.240,US
88.115.64.76,FI
186.154.72.225,CO
15.75.209.53,US
173.18.209.70,US
129.39.231.102,US
31.89.10.35,GB
199.142.15.170,US
114.66.158.81,CN
53.73.153.204,DE
102.18.165.245,ZZ
28.167.151.250,US
185.130.103.28,GB
168.18.212.232,US
51.118.213.71,GB
144.224.187.162,US
2.102.35.235,GB
107.72.64.234,US
54.43.197.11,US
196.191.171.10,ET
220.205.181.222,CN
107.23.255.187,US
83.230.39.228,PL
13.62.192.138,US
30.76.152.245,US
69.142.200.108,US
41.188.248.248,ZA
122.141.68.207,CN
217.216.35.65,ES
3.158.104.73,US
90.61.111.225,FR
98.57.65.206,US
195.39.43.99,CZ
106.222.0.34,IN
170.132.213.39,US
193.164.72.77,SE
49.133.165.152,JP
2.200.137.115,DE
197.123.206.190,EG
182.235.96.61,TW
162.147.59.188,AU
104.240.127.151,US
215.180.152.212,US
142.226.55.187,CA
140.62.173.245,US
43.159.104.205,JP
35.15.247.63,US
117.207.45.9,IN
50.21.62.196,US
94.112.100.163,CZ
188.176.125.152,DK
90.184.129.195,DK
100.53.127.64,US
128.51.86.80,US
138.245.132.176,DE
139.79.10.251,CH
175.133.201.115,JP
179.130.112.131,BR
99.44.194.215,US
102.180.119.157,BF
50.94.208.65,US
85.170.221.74,FR
149.6.159.244,US
3.236.20.235,US
47.20.7.223,US
110.135.40.86,JP
207.176.189.51,US
111.19.156.174,CN
198.48.65.11,US
187.52.135.214,BR
212.226.167.214,FI
103.24.185.47,CN
126.93.74.49,JP
82.200.251.235,KZ
153.200.75.174,JP
27.111.42.79,ID
29.218.153.28,US
100.226.33.107,US
194.30.205.171,GR
202.130.67.245,HK
17.23.246.206,US
3.35.20.239,US
79.141.23.11,DE
178.29.17.245,SE
182.220.168.45,KR
184.148.45.241,CA
209.114.169.229,US
160.78.170.238,IT
29.137.166.104,US
187.179.210.10,MX
129.22.183.189,US
73.48.89.96,US
115.237.103.147,CN
90.119.180.231,FR
213.247.97.182,NL
6.121.127.16,US
189.137.144.50,MX
86.138.217.175,GB
22.203.25.200,US
82.134.105.227,NO
155.60.209.231,AU
199.33.181.52,US
44.2.245.14,US
143.222.209.88,US
183.245.234.243,CN
218.210.170.101,TW
21.203.109.37,US
76.75.153.92,CA
188.249.57.52,SA
91.140.158.94,KW
65.119.98.157,US
197.157.211.50,CD
89.253.175.187,BG
57.55.62.151,BE
82.92.141.90,NL
8.97.90.79,US
108.212.166.180,US
160.185.47.248,JP
203.72.90.237,TW
223.100.74.217,CN
87.182.4.186,DE
158.193.245.83,SK
106.83.245.233,CN
58.57.15.24,CN
46.237.168.244,GB
196.234.171.194,TN
46.64.201.236,GB
132.240.192.47,US
38.171.116.169,US
29.137.236.173,US
192.79.173.5,US
143.32.69.156,US
101.90.116.19,CN
174.246.98.16,US
108.106.35.212,US
9.71.183.150,US
187.222.150.142,MX
215.218.240.177,US
180.6.52.27,JP
31.37.228.177,FR
30.124.201.198,US
185.145.108.199,CH
205.184.46.192,US
47.137.162.176,US
98.2.202.131,US
48.234.224.27,US
150.200.184.137,US
115.147.180.3,PH
75.204.38.218,US
75.85.229.145,US
219.237.87.63,CN
112.153.178.34,KR
5.139.181.60,RU
6.186.156.167,US
62.130.232.202,GB
21.12.92.248,US
207.8.143.2,US
63.200.119.168,US
213.16.197.93,GR
85.172.42.134,RU
19.26.149.15,US
92.207.147.1,GB
107.149.174.21,US
53.194.230.141,DE
204.136.103.90,US
57.251.64.44,BE
122.211.183.122,JP
107.27.0.226,US
1.167.254.144,TW
18.35.151.54,US
44.70.204.46,US
197.99.246.0,ZA
67.99.59.73,US
159.208.249.165,CA
30.124.138.72,US
106.210.250.29,IN
176.65.128.175,DE
117.35.245.169,CN
112.162.148.236,KR
8.250.133.24,US
42.80.73.177,CN
52.126.62.47,US
153.177.48.65,JP
99.189.159.0,US
176.161.196.113,FR
132.170.55.184,US
122.212.17.161,JP
134.163.225.1,US
85.50.191.32,ES
130.222.92.32,US
137.27.168.126,US
195.159.65.252,NO
168.102.89.202,US
102.60.11.70,ZZ
103.224.129.187,NZ
188.71.106.169,KW
160.254.99.97,US
168.108.108.129,US
130.28.186.180,SE
186.248.202.163,BR
202.41.123.164,IN
80.99.206.78,HU
99.224.115.169,CA
4.60.15.178,US
131.141.5.32,CA
29.238.226.16,US
195.152.134.168,GB
12.85.8.146,US
180.132.55.51,KR
186.131.146.128,AR
3.47.55.252,US
173.180.93.243,CA
86.135.64.251,GB
142.5.178.71,CA
145.55.66.64,GB
48.72.192.101,US
167.154.213.44,US
2.47.239.115,IT
58.246.191.32,CN
195.230.242.105,IT
84.179.228.123,DE
180.212.190.79,CN
60.155.210.199,JP
203.218.70.123,HK
56.115.102.33,US
92.120.25.162,NL
76.17.172.139,US
193.99.192.175,DE
44.188.183.16,US
74.141.144.144,US
149.233.15.33,DE
209.178.174.196,US
142.106.188.17,CA
64.93.166.231,US
167.207.192.38,US
179.69.210.192,BR
153.11.81.194,US
3.195.89.199,US
163.10.68.223,AR
152.131.149.19,US
74.239.120.101,US
96.237.118.64,US
46.18.33.29,BE
190.200.159.193,VE
206.223.81.229,US
14.18.2.241,CN
97.82.232.21,US
110.249.43.216,CN
102.140.41.144,ZA
108.167.62.62,US
141.222.55.120,US
20.29.97.243,US
178.171.9.124,RU
42.239.141.30,CN
94.41.239.58,RU
88.81.155.141,GB
136.32.118.178,US
97.212.157.14,US
68.1.90.85,US
73.96.62.122,US
95.57.63.233,KZ
197.91.235.93,ZA
183.179.78.222,HK
65.155.25.215,US
108.23.85.150,US
40.237.121.43,US
196.192.41.36,MG
222.178.87.242,CN
125.154.218.124,KR
91.118.13.118,AT
60.135.203.92,JP
170.132.16.6,US
129.153.73.22,US
156.43.88.152,GB
164.249.80.206,US
13.25.19.106,US
27.55.136.122,TH
51.254.213.68,FR
197.186.45.176,TZ
68.253.118.116,US
220.44.171.41,JP
63.32.231.168,US
141.91.55.128,DE
160.109.11.114,US
59.9.243.228,KR
115.150.159.92,CN
208.173.39.244,US
197.152.14.160,TZ
219.227.84.160,CN
89.109.46.230,RU
221.251.74.175,JP
63.130.20.186,US
179.68.142.13,BR
121.133.192.204,KR
101.3.25.143,TW
1.188.220.195,CN
4.246.172.102,US
82.184.244.120,IT
128.252.252.33,US
171.157.38.159,US
2.186.191.72,IR
154.204.238.139,SC
25.92.18.114,GB
171.253.96.142,VN
135.237.181.205,US
214.31.107.184,US
202.238.116.145,JP
92.140.96.185,FR
148.49.42.237,US
160.210.159.189,IS
71.210.87.206,US
43.97.55.188,JP
173.1.19.77,US
138.154.80.140,US
178.207.227.226,RU
26.92.15.3,US
183.98.76.121,KR
98.57.39.196,US
105.87.1.83,EG
126.26.155.91,JP
149.224.188.103,DE
89.222.113.19,GB
222.207.160.72,CN
13.22.29.144,US
101.16.50.21,CN
2.21.182.62,EU
180.39.119.161,JP
167.237.215.231,US
181.116.100.90,AR
40.214.100.183,US
116.124.125.147,KR
145.136.214.177,NL
223.180.119.59,IN
212.14.158.77,IT
158.168.147.234,LU
174.245.195.10,US
71.241.91.186,US
72.66.77.149,US
206.143.67.147,US
22.180.12.140,US
24.251.118.125,US
219.167.141.11,JP
89.47.33.113,IT
186.170.121.219,CO
104.217.241.135,US
133.125.79.197,JP
207.113.40.193,US
114.75.221.90,AU
222.104.148.147,KR
94.69.15.111,GR
223.12.101.58,CN
115.116.24.154,IN
98.90.246.33,US
101.17.15.233,CN
112.70.14.187,JP
42.209.161.74,CN
72.152.67.232,US
116.253.60.227,CN
64.18.127.166,US
170.135.239.201,US
54.52.201.109,US
96.162.149.165,US
107.154.80.168,US
25.199.35.245,GB
133.175.29.16,JP
167.238.151.212,US
27.21.253.18,CN
12.242.231.240,US
99.115.144.59,US
14.226.144.131,VN
32.250.242.116,US
201.188.115.61,CL
153.168.20.80,JP
27.58.243.7,IN
28.234.37.229,US
132.19.27.80,US
204.53.89.118,US
136.14.248.183,US
30.38.73.48,US
82.148.92.87,IS
13.21.208.87,US
62.160.72.161,FR
113.136.175.43,CN
106.93.94.255,CN
132.198.151.46,US
208.11.62.251,US
83.248.196.237,SE
56.130.201.189,US
204.215.242.203,US
96.227.79.195,US
132.27.110.10,US
77.180.116.158,DE
31.82.166.235,GB
80.203.56.64,NO
220.49.97.200,JP
29.60.134.114,US
125.122.118.207,CN
29.98.54.228,US
100.53.250.146,US
53.128.81.64,DE
117.131.59.9,CN
23.54.83.186,US
86.247.105.192,FR
222.112.237.46,KR
203.103.27.38,AU
218.155.224.35,KR
59.198.119.134,CN
59.25.3.154,KR
192.192.35.143,TW
101.135.82.63,CN
168.145.51.153,US
47.71.40.9,US
59.123.7.231,TW
84.111.254.187,IL
17.75.36.18,US
80.141.149.244,DE
162.136.113.76,US
204.103.252.241,US
213.155.221.153,RU
102.128.145.53,ZZ
83.111.171.147,AE
1.102.13.142,KR
58.33.70.124,CN
63.123.110.240,US
19.83.188.237,US
168.129.193.181,US
4.65.22.59,US
110.28.149.177,TW
74.212.252.145,US
47.33.248.108,US
110.11.94.43,KR
199.203.40.173,US
9.64.58.237,US
134.24.21.53,US
50.86.161.234,US
175.194.102.205,KR
65.65.196.74,US
128.93.96.52,FR
190.67.99.115,CO
74.167.79.56,US
114.6.232.118,ID
68.94.187.181,US
208.242.138.218,US
66.129.201.252,US
31.13.13.147,SE
128.64.148.73,US
3.101.178.13,US
16.72.228.241,US
172.145.222.60,US
3.192.241.146,US
110.26.42.55,TW
128.207.235.136,US
96.200.42.30,US
69.160.110.42,JM
114.92.37.180,CN
105.143.219.242,MA
137.121.212.188,FR
144.52.110.25,CN
13.166.65.133,US
167.21.237.216,US
117.61.54.38,CN
131.128.166.9,US
114.199.55.67,KR
204.94.238.20,US
177.158.179.163,BR
152.44.104.167,US
109.251.213.68,UA
166.225.227.94,US
116.185.41.196,CN
209.107.36.240,US
108.252.99.76,US
24.3.60.55,US
193.194.35.32,MA
135.48.154.190,US
205.137.213.105,US
65.40.208.193,US
75.70.151.163,US
48.157.164.112,US
168.253.80.59,ZA
63.35.199.139,US
126.151.82.236,JP
134.76.97.38,DE
205.13.179.216,US
107.231.102.1,US
190.232.112.40,PE
169.130.44.120,US
220.41.55.254,JP
217.189.134.120,DE
156.119.99.159,US
109.149.65.143,GB
13.166.127.241,US
210.246.181.100,TH
66.21.54.9,US
214.151.211.198,US
200.130.108.166,BR
68.42.171.157,US
208.85.22.188,US
153.93.249.79,DE
215.171.20.179,US
153.172.58.178,JP
81.76.88.132,GB
183.255.149.141,CN
5.99.69.128,IT
88.160.187.87,FR
153.215.40.231,JP
30.210.53.53,US
80.91.99.87,DE
180.9.171.120,JP
113.146.68.91,JP
13.69.128.247,US
86.175.75.68,GB
115.223.184.73,CN
192.31.172.75,US
7.28.238.215,US
19.118.97.218,US
148.173.248.177,US
9.162.100.213,US
169.81.62.150,US
137.255.96.33,BJ
82.183.223.93,SE
82.149.82.200,DE
150.107.62.107,TW
107.203.92.218,US
102.130.185.11,ZA
103.200.144.36,CN
216.30.207.248,US
12.73.178.102,US
167.71.178.78,US
16.93.126.245,US
183.115.192.238,KR
179.200.141.221,BR
89.86.199.156,FR
59.116.178.126,TW
66.196.240.161,US
2.10.205.211,FR
181.181.166.53,VE
50.52.225.81,US
83.115.49.207,FR
180.175.37.54,CN
94.63.159.118,PT
38.1.79.115,US
115.122.127.179,CN
101.231.101.1,CN
111.7.240.150,CN
70.184.64.126,US
175.143.86.21,MY
160.186.173.118,JP
152.147.188.115,AU
72.32.6.228,US
17.217.30.11,US
38.29.142.155,US
101.157.181.74,CN
50.237.115.101,US
111.52.193.188,CN
195.195.247.96,GB
69.99.17.68,US
2.98.46.117,GB
142.48.212.65,CA
195.175.224.219,TR
217.10.255.190,BG
185.172.107.209,SK
24.65.186.172,CA
95.157.129.224,FR
85.248.125.174,SK
50.191.154.255,US
53.38.79.237,DE
147.252.252.76,IE
210.51.99.237,CN
9.29.230.76,US
121.217.186.88,AU
97.7.253.166,US
110.149.169.165,AU
13.173.234.102,US
104.202.7.163,US
113.13.129.138,CN
146.51.176.67,JP
76.229.0.199,US
171.247.151.180,VN
43.246.18.152,CN
154.229.8.186,UG
166.32.215.178,US
22.70.60.213,US
118.31.174.159,CN
146.28.154.221,US
114.206.123.247,KR
190.173.54.110,AR
207.58.41.104,US
59.37.185.13,CN
28.41.107.227,US
89.218.145.193,KZ
36.123.132.230,CN
184.60.95.237,US
49.97.218.214,JP
163.248.124.250,US
101.73.160.7,CN
21.244.224.48,US
38.13.46.215,US
125.164.231.190,ID
74.155.120.245,US
73.151.88.228,US
210.196.43.232,JP
80.182.142.222,IT
109.242.31.195,GR
121.66.91.22,KR
160.244.7.178,JP
59.143.54.54,JP
25.184.1.62,GB
196.249.2.185,ZA
110.213.70.217,CN
173.230.137.126,US
187.73.75.29,BR
93.158.85.12,SE
180.217.43.166,TW
222.5.177.212,JP
30.29.81.182,US
214.153.13.32,US
24.170.18.26,US
126.98.52.112,JP
198.17.5.126,US
211.159.44.82,CN
126.209.100.89,JP
24.155.191.27,US
125.102.109.92,JP
24.73.230.246,US
48.158.150.26,US
202.89.236.53,CN
111.234.127.251,JP
67.60.54.231,US
1.45.73.115,CN
8.70.179.236,US
195.5.85.83,ES
37.35.88.174,GB
14.245.105.54,VN
126.53.2.209,JP
134.96.125.212,DE
13.117.247.57,US
119.107.210.141,JP
33.79.207.123,US
192.102.132.237,US
138.26.63.121,US
177.10.234.208,BR
52.54.240.27,US
63.67.90.28,US
152.91.5.255,AU
25.42.123.10,GB
147.238.134.136,US
33.253.42.82,US
86.207.30.156,FR
154.18.156.248,US
213.216.223.34,FI
145.19.73.83,NL
211.255.17.126,KR
172.101.90.231,US
103.93.201.98,IN
92.123.116.109,EU
156.93.165.107,US
155.158.144.225,PL
203.237.62.199,KR
66.170.72.204,US
83.232.161.119,NL
168.61.97.10,US
200.53.70.69,MX
135.57.56.114,US
71.211.177.147,US
163.233.8.154,AU
207.239.252.188,US
160.175.227.15,MA
142.144.247.208,CA
218.138.120.27,JP
116.129.176.27,CN
151.26.73.242,IT
81.104.190.41,GB
68.22.56.17,US
104.23.152.172,US
6.183.165.100,US
188.178.57.159,DK
121.137.159.55,KR
176.118.16.155,RU
155.158.228.135,PL
207.151.171.225,US
40.18.235.6,US
98.160.26.202,US
110.48.201.54,CN
93.18.11.202,FR
159.56.59.12,US
143.71.153.44,US
177.176.92.79,BR
105.46.120.207,EG
111.25.61.5,CN
215.26.56.109,US
135.64.195.181,US
211.18.141.115,JP
171.160.80.38,US
125.123.91.204,CN
90.24.161.175,FR
43.73.80.21,JP
216.26.72.36,US
17.176.18.77,US
26.126.36.39,US
140.8.11.216,US
149.110.7.21,US
36.2.123.111,JP
53.195.10.80,DE
211.83.224.98,CN
20.180.51.184,US
117.84.254.210,CN
76.185.164.22,US
142.15.96.140,CA
52.123.177.191,US
157.209.69.21,US
120.155.87.30,AU
200.187.232.6,BR
95.223.134.236,DE
22.198.220.39,US
80.60.92.247,NL
171.55.63.75,IN
198.13.34.81,US
86.14.79.152,GB
3.73.180.115,US
116.45.194.80,KR
18.222.254.223,US
24.104.191.119,CA
14.206.34.167,KR
132.11.8.79,US
111.123.216.60,CN
114.161.17.97,JP
61.79.18.87,KR
172.13.186.217,US
35.3.219.234,US
116.110.10.62,VN
100.249.3.250,US
34.36.167.138,US
190.231.31.207,AR
82.67.124.56,FR
37.232.228.132,RU
26.71.119.192,US
184.148.204.107,CA
180.35.52.90,JP
210.135.247.125,JP
144.30.235.161,US
170.113.208.22,US
3.113.225.158,US
155.246.75.230,US
173.117.167.231,US
70.59.226.57,US
11.47.22.169,US
79.186.218.238,PL
57.219.104.61,BE
70.236.135.15,US
178.145.93.244,BE
55.97.190.149,US
76.252.120.192,US
177.146.58.202,BR
31.233.37.52,DE
214.241.29.138,US
143.53.204.40,GB
43.214.86.18,JP
206.246.90.10,US
40.78.129.58,US
208.92.194.115,CA
155.42.70.194,US
49.85.34.144,CN
81.44.34.80,ES
210.124.42.165,KR
3.166.170.233,US
223.222.49.79,KR
205.165.220.159,US
158.95.3.113,US
155.201.29.143,US
88.178.37.39,FR
71.119.33.165,US
217.15.150.231,RU
17.191.245.88,US
146.242.145.6,US
206.1.105.248,US
70.226.176.15,US
156.54.80.196,IT
59.0.162.1,KR
186.136.68.1,AR
86.47.110.249,IE
200.193.196.203,BR
181.18.216.138,VE
9.12.252.151,US
31.0.77.228,PL
63.249.64.250,US
196.223.234.127,ZA
125.227.212.206,TW
90.175.45.64,ES
185.124.254.117,IT
155.143.102.140,AU
59.21.187.117,KR
27.104.244.97,SG
182.86.159.89,CN
82.94.172.57,NL
138.155.35.170,US
218.143.138.171,JP
77.180.113.215,DE
15.150.137.152,US
53.78.57.117,DE
11.160.74.112,US
92.112.91.140,UA
53.0.130.3,DE
48.221.83.109,US
76.250.75.111,US
60.82.101.75,JP
167.203.70.216,GB
149.47.149.246,US
33.0.143.92,US
141.4.74.192,DE
99.25.158.181,US
181.231.117.107,AR
18.158.233.133,US
159.76.161.103,US
117.215.40.57,IN
86.28.242.15,GB
188.144.52.186,DE
105.37.210.26,EG
147.39.9.71,US
156.184.196.65,EG
83.236.37.73,DE
138.138.234.127,US
199.216.193.84,CA
186.159.216.187,CR
178.102.106.48,GB
14.91.58.25,KR
220.215.129.96,JP
152.16.231.235,US
85.32.35.117,IT
42.200.159.137,HK
156.163.227.135,EG
172.1.211.44,US
167.98.191.204,GB
128.47.237.225,US
105.250.190.18,ZA
143.122.161.227,US
149.58.223.46,US
85.192.240.73,FR
114.185.4.248,JP
154.38.47.162,US
28.224.234.59,US
191.24.211.185,BR
53.224.214.99,DE
23.78.49.22,US
65.70.129.150,US
223.166.141.5,CN
66.255.65.37,US
184.52.98.17,US
81.17.180.135,HU
